timestamp,brake_pressure,brake_temperature,brake_pad_wear,brake_response_time,condition
2025-06-27 12:59:42,87.62,52.69,24.9,0.341,Normal
2025-06-27 12:59:42,86.78,54.19,25.0,0.371,Normal
2025-06-27 12:59:44,88.41,55.01,24.3,0.354,Normal
2025-06-27 12:59:44,82.21,53.18,25.0,0.374,Normal
2025-06-27 12:59:46,83.58,52.69,25.6,0.341,Normal
2025-06-27 12:59:46,85.38,55.62,25.3,0.33,Normal
2025-06-27 12:59:47,86.02,55.31,25.3,0.313,Normal
2025-06-27 12:59:48,84.56,57.19,25.6,0.377,Normal
2025-06-27 12:59:49,82.07,54.23,25.1,0.343,Normal
2025-06-27 12:59:50,82.96,55.59,24.7,0.362,Normal
2025-06-27 12:59:51,86.53,56.04,24.9,0.35,Normal
2025-06-27 12:59:51,85.3,54.47,25.1,0.335,Normal
2025-06-27 12:59:53,87.63,54.3,25.3,0.35,Normal
2025-06-27 12:59:53,87.95,56.26,24.1,0.335,Normal
2025-06-27 12:59:55,84.32,55.39,25.5,0.369,Normal
2025-06-27 12:59:56,85.85,55.66,25.3,0.378,Normal
2025-06-27 12:59:57,84.29,56.25,24.8,0.354,Normal
2025-06-27 12:59:57,82.33,53.83,25.3,0.351,Normal
2025-06-27 12:59:59,85.91,55.05,25.9,0.353,Normal
2025-06-27 12:59:59,85.7,55.2,24.8,0.323,Normal
2025-06-27 13:00:01,89.54,56.28,25.0,0.362,Normal
2025-06-27 13:00:01,85.63,55.22,25.3,0.347,Normal
2025-06-27 13:00:03,81.99,54.35,25.3,0.339,Normal
2025-06-27 13:00:03,88.15,52.56,25.2,0.358,Normal
2025-06-27 13:00:05,84.52,55.28,24.3,0.329,Normal
2025-06-27 13:00:05,87.45,51.15,24.7,0.373,Normal
2025-06-27 13:00:07,83.18,54.85,24.8,0.352,Normal
2025-06-27 13:00:07,84.68,54.09,25.0,0.329,Normal
2025-06-27 13:00:09,85.71,57.95,25.2,0.323,Normal
2025-06-27 13:00:09,83.47,53.97,24.9,0.311,Normal
2025-06-27 13:00:11,85.55,56.73,25.4,0.387,Normal
2025-06-27 13:00:11,89.26,55.2,24.5,0.33,Normal
2025-06-27 13:00:13,80.92,56.7,25.0,0.325,Normal
2025-06-27 13:00:13,80.59,53.59,24.6,0.367,Normal
2025-06-27 13:00:15,86.11,55.76,24.3,0.346,Normal
2025-06-27 13:00:15,87.17,55.63,25.3,0.32,Normal
2025-06-27 13:00:16,87.61,51.42,25.0,0.335,Normal
2025-06-27 13:00:17,85.42,54.76,25.0,0.33,Normal
2025-06-27 13:00:18,82.49,56.06,25.3,0.339,Normal
2025-06-27 13:00:18,79.69,52.51,25.0,0.325,Normal
2025-06-27 13:00:20,86.76,57.55,24.9,0.356,Normal
2025-06-27 13:00:20,84.48,55.41,25.2,0.32,Normal
2025-06-27 13:00:22,86.44,55.89,24.9,0.354,Normal
2025-06-27 13:00:22,85.42,56.11,24.5,0.34,Normal
2025-06-27 13:00:24,88.95,54.79,25.2,0.335,Normal
2025-06-27 13:00:24,87.33,54.3,26.2,0.359,Normal
2025-06-27 13:00:25,80.71,53.75,24.6,0.363,Normal
2025-06-27 13:00:25,84.37,56.02,23.8,0.34,Normal
2025-06-27 13:00:27,85.04,55.1,25.7,0.328,Normal
2025-06-27 13:00:27,81.37,56.53,25.2,0.355,Normal
2025-06-27 13:00:29,85.73,60.73,24.9,0.343,Normal
2025-06-27 13:00:29,86.84,54.83,24.4,0.383,Normal
2025-06-27 13:00:31,82.33,54.67,25.2,0.346,Normal
2025-06-27 13:00:31,87.68,54.28,25.2,0.341,Normal
2025-06-27 13:00:33,85.76,56.46,24.3,0.365,Normal
2025-06-27 13:00:33,84.21,53.15,25.5,0.318,Normal
2025-06-27 13:00:35,85.59,57.86,25.7,0.33,Normal
2025-06-27 13:00:35,86.95,56.29,25.1,0.358,Normal
2025-06-27 13:00:37,84.56,56.77,25.2,0.333,Normal
2025-06-27 13:00:37,83.78,56.61,24.5,0.336,Normal
2025-06-27 13:00:39,84.6,53.97,24.9,0.326,Normal
2025-06-27 13:00:39,86.1,56.64,25.1,0.359,Normal
2025-06-27 13:00:40,86.19,55.92,24.9,0.338,Normal
2025-06-27 13:00:40,81.25,55.77,25.3,0.323,Normal
2025-06-27 13:00:42,85.83,53.15,25.0,0.356,Normal
2025-06-27 13:00:42,86.23,54.36,25.3,0.367,Normal
2025-06-27 13:00:44,84.46,53.74,25.9,0.343,Normal
2025-06-27 13:00:44,79.91,54.07,25.8,0.341,Normal
2025-06-27 13:00:45,83.84,54.78,25.3,0.397,Normal
2025-06-27 13:00:45,85.9,52.47,25.0,0.329,Normal
2025-06-27 13:00:47,85.49,56.82,24.6,0.345,Normal
2025-06-27 13:00:47,84.09,52.25,24.5,0.34,Normal
2025-06-27 13:00:49,82.83,57.19,25.7,0.339,Normal
2025-06-27 13:00:49,85.05,56.23,25.1,0.352,Normal
2025-06-27 13:00:51,85.96,56.1,25.0,0.357,Normal
2025-06-27 13:00:51,84.6,57.33,24.7,0.348,Normal
2025-06-27 13:00:53,82.8,56.54,24.7,0.328,Normal
2025-06-27 13:00:53,85.58,53.93,25.5,0.339,Normal
2025-06-27 13:00:55,88.9,53.57,25.4,0.365,Normal
2025-06-27 13:00:55,81.96,53.84,24.8,0.342,Normal
2025-06-27 13:00:57,82.67,52.04,25.4,0.352,Normal
2025-06-27 13:00:57,81.54,56.72,25.3,0.335,Normal
2025-06-27 13:00:58,85.91,56.84,24.7,0.324,Normal
2025-06-27 13:00:59,88.45,57.28,24.9,0.338,Normal
2025-06-27 13:01:00,84.08,53.36,23.5,0.361,Normal
2025-06-27 13:01:00,87.31,54.08,25.6,0.365,Normal
2025-06-27 13:01:02,85.97,55.28,24.2,0.361,Normal
2025-06-27 13:01:02,86.46,52.41,25.8,0.307,Normal
2025-06-27 13:01:04,86.03,56.86,24.7,0.347,Normal
2025-06-27 13:01:04,83.85,57.37,25.4,0.358,Normal
2025-06-27 13:01:05,84.36,53.28,24.8,0.341,Normal
2025-06-27 13:01:06,84.86,53.71,25.1,0.354,Normal
2025-06-27 13:01:07,84.93,56.16,25.1,0.315,Normal
2025-06-27 13:01:07,86.83,52.0,25.5,0.34,Normal
2025-06-27 13:01:09,86.53,54.34,24.2,0.36,Normal
2025-06-27 13:01:09,85.5,55.93,25.5,0.327,Normal
2025-06-27 13:01:10,84.87,55.49,24.6,0.371,Normal
2025-06-27 13:01:10,86.22,54.15,24.7,0.339,Normal
2025-06-27 13:01:12,86.5,54.63,24.9,0.344,Normal
2025-06-27 13:01:12,84.82,54.44,25.3,0.341,Normal
2025-06-27 13:01:14,84.91,55.34,25.4,0.375,Normal
2025-06-27 13:01:14,85.32,55.38,25.6,0.354,Normal
2025-06-27 13:01:16,86.08,56.29,24.9,0.38,Normal
2025-06-27 13:01:16,83.38,57.84,24.7,0.349,Normal
2025-06-27 13:01:18,88.37,55.93,24.3,0.37,Normal
2025-06-27 13:01:18,84.87,55.3,24.5,0.38,Normal
2025-06-27 13:01:19,85.76,57.9,26.0,0.345,Normal
2025-06-27 13:01:19,82.16,53.72,25.6,0.356,Normal
2025-06-27 13:01:21,86.11,55.0,25.3,0.382,Normal
2025-06-27 13:01:21,85.22,55.33,25.1,0.312,Normal
2025-06-27 13:01:23,87.57,54.33,25.4,0.296,Normal
2025-06-27 13:01:23,82.21,54.63,25.2,0.331,Normal
2025-06-27 13:01:25,83.05,54.98,25.2,0.369,Normal
2025-06-27 13:01:25,85.83,55.8,25.2,0.358,Normal
2025-06-27 13:01:27,83.02,54.48,25.0,0.317,Normal
2025-06-27 13:01:27,87.45,55.04,24.5,0.405,Normal
2025-06-27 13:01:29,83.02,56.92,25.6,0.345,Normal
2025-06-27 13:01:29,82.89,54.44,26.0,0.355,Normal
2025-06-27 13:01:30,82.69,57.33,25.2,0.368,Normal
2025-06-27 13:01:30,84.62,55.1,24.9,0.34,Normal
2025-06-27 13:01:32,84.13,54.09,24.4,0.37,Normal
2025-06-27 13:01:32,85.03,53.01,24.7,0.349,Normal
2025-06-27 13:01:34,83.96,53.57,25.5,0.335,Normal
2025-06-27 13:01:34,85.26,57.03,25.2,0.338,Normal
2025-06-27 13:01:36,87.41,54.99,24.7,0.322,Normal
2025-06-27 13:01:36,85.44,56.44,25.0,0.361,Normal
2025-06-27 13:01:38,81.95,53.93,24.7,0.347,Normal
2025-06-27 13:01:38,87.13,55.49,25.4,0.378,Normal
2025-06-27 13:01:39,83.46,54.74,25.3,0.359,Normal
2025-06-27 13:01:39,84.81,53.13,24.9,0.31,Normal
2025-06-27 13:01:41,82.29,54.92,25.1,0.33,Normal
2025-06-27 13:01:41,85.71,54.04,25.2,0.383,Normal
2025-06-27 13:01:43,84.91,56.5,24.7,0.366,Normal
2025-06-27 13:01:43,89.69,50.95,24.3,0.33,Normal
2025-06-27 13:01:45,87.6,54.23,24.7,0.356,Normal
2025-06-27 13:01:45,86.73,53.89,25.5,0.343,Normal
2025-06-27 13:01:47,82.18,53.08,24.7,0.353,Normal
2025-06-27 13:01:47,83.21,52.59,25.0,0.361,Normal
2025-06-27 13:01:49,85.15,55.52,24.6,0.306,Normal
2025-06-27 13:01:49,86.06,56.69,24.6,0.335,Normal
2025-06-27 13:01:51,86.67,52.57,25.1,0.366,Normal
2025-06-27 13:01:51,84.27,56.28,25.2,0.377,Normal
2025-06-27 13:01:52,85.11,53.73,24.7,0.342,Normal
2025-06-27 13:01:53,82.78,54.83,25.2,0.354,Normal
2025-06-27 13:01:54,87.54,53.85,24.3,0.361,Normal
2025-06-27 13:01:54,85.94,56.23,25.2,0.356,Normal
2025-06-27 13:01:56,83.38,54.69,24.9,0.375,Normal
2025-06-27 13:01:56,81.61,55.02,24.7,0.359,Normal
2025-06-27 13:01:58,87.12,53.97,24.1,0.357,Normal
2025-06-27 13:01:58,84.92,57.21,24.7,0.361,Normal
2025-06-27 13:02:00,84.56,51.15,24.5,0.379,Normal
2025-06-27 13:02:00,84.03,56.0,25.1,0.372,Normal
2025-06-27 13:02:02,86.66,53.28,25.4,0.326,Normal
2025-06-27 13:02:02,87.24,50.93,25.0,0.345,Normal
2025-06-27 13:02:04,83.45,55.45,24.0,0.343,Normal
2025-06-27 13:02:04,88.61,51.75,25.4,0.341,Normal
2025-06-27 13:02:05,87.13,55.16,24.8,0.363,Normal
2025-06-27 13:02:05,84.81,56.42,24.9,0.359,Normal
2025-06-27 13:02:07,87.13,53.45,25.5,0.356,Normal
2025-06-27 13:02:07,86.43,56.43,24.9,0.359,Normal
2025-06-27 13:02:09,83.83,54.6,25.7,0.338,Normal
2025-06-27 13:02:09,84.5,54.57,25.1,0.294,Normal
2025-06-27 13:02:11,81.47,55.64,25.1,0.337,Normal
2025-06-27 13:02:11,84.88,58.47,24.4,0.36,Normal
2025-06-27 13:02:13,84.01,54.67,24.8,0.355,Normal
2025-06-27 13:02:13,84.72,55.83,24.0,0.342,Normal
2025-06-27 13:02:14,85.22,54.02,25.4,0.322,Normal
2025-06-27 13:02:15,85.45,52.28,24.7,0.33,Normal
2025-06-27 13:02:16,84.88,54.34,25.0,0.358,Normal
2025-06-27 13:02:16,85.65,55.98,25.4,0.36,Normal
2025-06-27 13:02:18,83.23,53.4,25.9,0.368,Normal
2025-06-27 13:02:18,83.72,54.64,26.2,0.357,Normal
2025-06-27 13:02:20,82.94,54.88,24.7,0.369,Normal
2025-06-27 13:02:20,83.57,55.08,25.3,0.333,Normal
2025-06-27 13:02:22,86.15,54.96,25.3,0.37,Normal
2025-06-27 13:02:22,86.12,54.66,24.8,0.346,Normal
2025-06-27 13:02:23,83.56,56.01,24.2,0.32,Normal
2025-06-27 13:02:24,86.03,54.79,25.7,0.347,Normal
2025-06-27 13:02:25,83.75,55.73,25.1,0.391,Normal
2025-06-27 13:02:26,85.16,56.04,25.0,0.328,Normal
2025-06-27 13:02:27,85.26,53.28,24.4,0.382,Normal
2025-06-27 13:02:27,87.23,58.19,25.2,0.375,Normal
2025-06-27 13:02:29,86.36,54.84,25.8,0.364,Normal
2025-06-27 13:02:29,85.81,56.2,25.2,0.384,Normal
2025-06-27 13:02:30,84.24,54.41,24.7,0.346,Normal
2025-06-27 13:02:30,86.26,53.62,24.6,0.346,Normal
2025-06-27 13:02:32,83.56,51.97,24.9,0.36,Normal
2025-06-27 13:02:32,84.02,55.17,24.7,0.372,Normal
2025-06-27 13:02:34,84.91,56.72,26.7,0.339,Normal
2025-06-27 13:02:34,81.88,54.45,25.4,0.348,Normal
2025-06-27 13:02:35,86.26,54.59,24.5,0.317,Normal
2025-06-27 13:02:36,83.73,53.85,25.0,0.341,Normal
2025-06-27 13:02:37,85.24,55.5,24.2,0.348,Normal
2025-06-27 13:02:38,88.72,56.96,26.0,0.347,Normal
2025-06-27 13:02:39,84.98,51.62,24.2,0.356,Normal
2025-06-27 13:02:39,85.92,55.46,24.8,0.328,Normal
2025-06-27 13:02:41,85.97,57.51,24.8,0.342,Normal
2025-06-27 13:02:41,87.1,54.24,24.8,0.359,Normal
2025-06-27 13:02:43,85.31,54.51,25.0,0.383,Normal
2025-06-27 13:02:43,88.14,52.49,23.6,0.396,Normal
2025-06-27 13:02:44,85.44,53.33,25.2,0.389,Normal
2025-06-27 13:02:44,80.44,55.56,26.1,0.365,Normal
2025-06-27 13:02:46,85.39,54.18,24.9,0.34,Normal
2025-06-27 13:02:46,82.9,56.95,24.9,0.361,Normal
2025-06-27 13:02:48,83.54,55.59,24.5,0.34,Normal
2025-06-27 13:02:48,85.33,55.73,24.8,0.321,Normal
2025-06-27 13:02:50,86.81,55.28,24.2,0.317,Normal
2025-06-27 13:02:50,86.78,55.74,24.2,0.347,Normal
2025-06-27 13:02:52,84.7,57.91,24.8,0.356,Normal
2025-06-27 13:02:52,85.9,54.28,24.4,0.356,Normal
2025-06-27 13:02:54,85.07,52.9,25.9,0.386,Normal
2025-06-27 13:02:54,85.16,52.99,25.6,0.353,Normal
2025-06-27 13:02:55,84.01,54.52,24.6,0.346,Normal
2025-06-27 13:02:56,87.1,54.91,24.6,0.359,Normal
2025-06-27 13:02:57,84.97,53.96,24.6,0.335,Normal
2025-06-27 13:02:57,84.44,54.04,25.7,0.372,Normal
2025-06-27 13:02:59,87.08,55.55,24.5,0.363,Normal
2025-06-27 13:02:59,84.18,55.31,24.2,0.377,Normal
2025-06-27 13:03:00,85.55,52.37,24.5,0.37,Normal
2025-06-27 13:03:01,84.77,53.23,24.2,0.341,Normal
2025-06-27 13:03:03,82.04,56.13,24.5,0.354,Normal
2025-06-27 13:03:03,87.6,53.09,25.0,0.366,Normal
2025-06-27 13:03:05,85.48,53.88,24.7,0.362,Normal
2025-06-27 13:03:05,82.02,54.47,24.9,0.353,Normal
2025-06-27 13:03:07,85.53,56.25,25.0,0.347,Normal
2025-06-27 13:03:07,85.01,55.09,25.0,0.358,Normal
2025-06-27 13:03:09,86.94,54.62,25.2,0.348,Normal
2025-06-27 13:03:09,85.71,52.53,24.8,0.369,Normal
2025-06-27 13:03:11,86.35,54.8,25.3,0.381,Normal
2025-06-27 13:03:11,83.02,53.6,25.4,0.36,Normal
2025-06-27 13:03:13,85.94,53.32,24.6,0.372,Normal
2025-06-27 13:03:13,85.36,55.81,25.7,0.382,Normal
2025-06-27 13:03:15,85.93,53.31,25.2,0.347,Normal
2025-06-27 13:03:15,83.5,57.07,25.0,0.344,Normal
2025-06-27 13:03:16,80.5,55.26,25.0,0.354,Normal
2025-06-27 13:03:16,84.9,53.54,25.5,0.332,Normal
2025-06-27 13:03:18,86.82,55.65,26.0,0.365,Normal
2025-06-27 13:03:18,87.77,55.48,24.6,0.341,Normal
2025-06-27 13:03:20,83.15,55.07,25.1,0.352,Normal
2025-06-27 13:03:20,87.05,59.96,24.2,0.354,Normal
2025-06-27 13:03:22,86.19,55.17,24.6,0.328,Normal
2025-06-27 13:03:22,88.56,55.51,24.7,0.337,Normal
2025-06-27 13:03:23,84.24,55.37,25.6,0.319,Normal
2025-06-27 13:03:24,85.34,53.19,25.0,0.343,Normal
2025-06-27 13:03:25,83.26,54.32,24.7,0.323,Normal
2025-06-27 13:03:25,86.45,56.43,25.4,0.329,Normal
2025-06-27 13:03:27,86.48,54.49,24.3,0.4,Normal
2025-06-27 13:03:27,84.06,54.31,24.4,0.389,Normal
2025-06-27 13:03:28,85.5,55.53,24.9,0.37,Normal
2025-06-27 13:03:29,81.21,55.68,25.1,0.349,Normal
2025-06-27 13:03:30,82.27,51.55,25.0,0.354,Normal
2025-06-27 13:03:30,84.33,55.85,25.1,0.314,Normal
2025-06-27 13:03:31,88.59,51.97,25.6,0.365,Normal
2025-06-27 13:03:32,83.67,53.09,24.9,0.383,Normal
2025-06-27 13:03:33,86.21,52.38,25.7,0.393,Normal
2025-06-27 13:03:33,85.19,55.29,25.7,0.358,Normal
2025-06-27 13:03:35,87.0,56.51,26.0,0.356,Normal
2025-06-27 13:03:35,83.55,55.46,25.2,0.342,Normal
2025-06-27 13:03:36,86.59,54.2,24.5,0.315,Normal
2025-06-27 13:03:37,85.47,56.93,25.3,0.369,Normal
2025-06-27 13:03:38,85.43,53.77,25.0,0.357,Normal
2025-06-27 13:03:38,84.38,54.82,25.4,0.35,Normal
2025-06-27 13:03:39,85.64,56.38,26.1,0.409,Normal
2025-06-27 13:03:40,88.43,51.08,25.0,0.343,Normal
2025-06-27 13:03:41,85.25,55.99,25.7,0.347,Normal
2025-06-27 13:03:41,79.29,58.05,25.1,0.359,Normal
2025-06-27 13:03:42,85.36,54.18,25.3,0.367,Normal
2025-06-27 13:03:43,83.88,58.12,24.9,0.359,Normal
2025-06-27 13:03:44,86.66,54.51,24.8,0.312,Normal
2025-06-27 13:03:44,84.12,56.62,24.0,0.334,Normal
2025-06-27 13:03:46,82.78,53.6,25.4,0.356,Normal
2025-06-27 13:03:46,82.89,54.96,25.9,0.341,Normal
2025-06-27 13:03:47,86.16,56.34,24.5,0.368,Normal
2025-06-27 13:03:48,86.79,56.25,25.1,0.347,Normal
2025-06-27 13:03:49,82.84,56.34,24.6,0.357,Normal
2025-06-27 13:03:49,84.1,54.63,24.7,0.317,Normal
2025-06-27 13:03:51,87.14,53.84,24.9,0.369,Normal
2025-06-27 13:03:51,85.4,54.33,24.1,0.345,Normal
2025-06-27 13:03:52,82.85,53.86,24.6,0.351,Normal
2025-06-27 13:03:53,83.79,54.41,25.4,0.344,Normal
2025-06-27 13:03:55,83.44,55.72,25.2,0.313,Normal
2025-06-27 13:03:55,82.27,56.42,24.8,0.348,Normal
2025-06-27 13:03:56,86.16,56.15,24.6,0.337,Normal
2025-06-27 13:03:57,85.81,53.19,25.5,0.364,Normal
2025-06-27 13:03:58,82.97,55.35,25.6,0.335,Normal
2025-06-27 13:03:58,84.28,54.95,24.6,0.316,Normal
2025-06-27 13:04:00,83.84,53.59,24.9,0.336,Normal
2025-06-27 13:04:00,88.22,55.07,25.3,0.367,Normal
2025-06-27 13:04:01,80.36,54.98,24.3,0.38,Normal
2025-06-27 13:04:02,86.65,54.97,25.1,0.36,Normal
2025-06-27 13:04:03,84.78,54.95,24.6,0.35,Normal
2025-06-27 13:04:03,84.73,53.35,25.1,0.372,Normal
2025-06-27 13:04:05,85.92,56.53,26.2,0.33,Normal
2025-06-27 13:04:05,82.18,57.28,24.9,0.332,Normal
2025-06-27 13:04:07,83.32,54.73,24.4,0.384,Normal
2025-06-27 13:04:07,80.21,53.98,25.1,0.334,Normal
2025-06-27 13:04:08,82.77,57.14,25.4,0.363,Normal
2025-06-27 13:04:09,85.34,57.26,25.4,0.342,Normal
2025-06-27 13:04:10,82.35,56.07,24.5,0.357,Normal
2025-06-27 13:04:10,84.56,53.53,24.7,0.33,Normal
2025-06-27 13:04:12,81.4,55.63,25.1,0.361,Normal
2025-06-27 13:04:12,89.22,55.15,24.2,0.337,Normal
2025-06-27 13:04:14,83.07,54.19,24.5,0.365,Normal
2025-06-27 13:04:14,85.62,55.06,26.1,0.374,Normal
2025-06-27 13:04:15,81.12,55.64,24.6,0.329,Normal
2025-06-27 13:04:16,84.41,56.08,25.3,0.295,Normal
2025-06-27 13:04:17,82.83,54.3,25.3,0.379,Normal
2025-06-27 13:04:17,83.95,54.72,25.5,0.375,Normal
2025-06-27 13:04:19,84.98,54.49,24.0,0.33,Normal
2025-06-27 13:04:19,82.33,55.45,25.2,0.365,Normal
2025-06-27 13:04:20,86.42,56.42,25.3,0.352,Normal
2025-06-27 13:04:21,84.25,54.27,26.7,0.352,Normal
2025-06-27 13:04:22,89.8,57.47,24.6,0.368,Normal
2025-06-27 13:04:22,83.37,56.0,24.8,0.345,Normal
2025-06-27 13:04:24,82.1,56.54,25.0,0.33,Normal
2025-06-27 13:04:24,86.42,55.02,24.4,0.346,Normal
2025-06-27 13:04:26,83.9,57.1,26.1,0.379,Normal
2025-06-27 13:04:26,85.76,57.49,24.9,0.353,Normal
2025-06-27 13:04:28,79.42,53.29,25.0,0.36,Normal
2025-06-27 13:04:28,81.63,56.85,24.8,0.376,Normal
2025-06-27 13:04:29,82.86,55.15,25.9,0.366,Normal
2025-06-27 13:04:30,86.38,55.49,24.7,0.35,Normal
2025-06-27 13:04:31,82.07,56.35,25.8,0.404,Normal
2025-06-27 13:04:31,86.01,52.22,24.6,0.347,Normal
2025-06-27 13:04:33,85.32,54.89,24.9,0.366,Normal
2025-06-27 13:04:33,85.62,53.85,25.3,0.358,Normal
2025-06-27 13:04:35,77.53,53.31,24.6,0.355,Normal
2025-06-27 13:04:35,85.59,56.24,25.5,0.344,Normal
2025-06-27 13:04:36,80.46,55.36,24.6,0.349,Normal
2025-06-27 13:04:37,87.12,56.33,25.8,0.374,Normal
2025-06-27 13:04:38,81.61,55.26,24.7,0.322,Normal
2025-06-27 13:04:38,86.48,55.69,24.1,0.336,Normal
2025-06-27 13:04:40,83.24,54.08,24.7,0.345,Normal
2025-06-27 13:04:40,83.19,56.08,25.9,0.369,Normal
2025-06-27 13:04:42,83.56,53.88,24.7,0.308,Normal
2025-06-27 13:04:42,83.82,56.35,25.1,0.38,Normal
2025-06-27 13:04:44,85.17,55.85,25.3,0.35,Normal
2025-06-27 13:04:44,86.52,52.42,25.1,0.325,Normal
2025-06-27 13:04:46,84.01,52.11,24.9,0.358,Normal
2025-06-27 13:04:46,80.98,56.73,24.2,0.356,Normal
2025-06-27 13:04:48,87.59,55.17,25.6,0.328,Normal
2025-06-27 13:04:48,82.17,52.37,25.1,0.337,Normal
2025-06-27 13:04:49,82.54,55.61,25.2,0.339,Normal
2025-06-27 13:04:49,84.4,53.94,24.9,0.377,Normal
2025-06-27 13:04:51,86.44,54.75,25.5,0.391,Normal
2025-06-27 13:04:51,88.53,57.54,24.9,0.354,Normal
2025-06-27 13:04:53,86.28,57.02,25.0,0.352,Normal
2025-06-27 13:04:53,87.34,55.71,25.2,0.348,Normal
2025-06-27 13:04:55,87.16,53.42,24.5,0.398,Normal
2025-06-27 13:04:55,83.21,54.32,25.3,0.33,Normal
2025-06-27 13:04:57,85.81,55.68,25.5,0.317,Normal
2025-06-27 13:04:57,88.64,53.57,24.7,0.378,Normal
2025-06-27 13:04:58,82.15,57.55,25.2,0.359,Normal
2025-06-27 13:04:59,85.37,54.07,24.8,0.349,Normal
2025-06-27 13:05:00,85.91,54.82,24.8,0.371,Normal
2025-06-27 13:05:00,83.23,53.5,25.0,0.328,Normal
2025-06-27 13:05:02,88.33,55.73,25.6,0.381,Normal
2025-06-27 13:05:02,84.9,53.22,24.8,0.341,Normal
2025-06-27 13:05:03,90.86,55.94,24.3,0.324,Normal
2025-06-27 13:05:04,88.36,54.74,25.6,0.334,Normal
2025-06-27 13:05:05,86.7,54.0,24.0,0.347,Normal
2025-06-27 13:05:06,85.24,54.45,24.3,0.339,Normal
2025-06-27 13:05:07,83.02,55.05,25.5,0.361,Normal
2025-06-27 13:05:07,86.02,54.78,24.4,0.343,Normal
2025-06-27 13:05:09,87.28,53.99,24.6,0.364,Normal
2025-06-27 13:05:09,84.21,55.5,24.8,0.35,Normal
2025-06-27 13:05:10,84.69,54.8,24.6,0.329,Normal
2025-06-27 13:05:11,89.35,52.4,25.0,0.371,Normal
2025-06-27 13:05:12,83.06,55.21,25.5,0.345,Normal
2025-06-27 13:05:12,84.11,54.82,24.3,0.319,Normal
2025-06-27 13:05:14,86.5,54.95,25.5,0.337,Normal
2025-06-27 13:05:14,82.4,55.46,25.2,0.292,Normal
2025-06-27 13:05:15,86.64,56.12,25.7,0.352,Normal
2025-06-27 13:05:16,86.59,51.03,25.6,0.37,Normal
2025-06-27 13:05:17,82.73,55.93,25.3,0.357,Normal
2025-06-27 13:05:17,86.49,56.28,25.1,0.355,Normal
2025-06-27 13:05:18,85.51,54.24,24.6,0.357,Normal
2025-06-27 13:05:19,83.44,52.09,24.8,0.313,Normal
2025-06-27 13:05:20,84.66,55.81,25.0,0.36,Normal
2025-06-27 13:05:20,87.1,55.96,25.2,0.323,Normal
2025-06-27 13:05:21,82.24,53.65,25.3,0.36,Normal
2025-06-27 13:05:22,86.89,55.91,25.0,0.348,Normal
2025-06-27 13:05:23,85.03,53.67,24.9,0.33,Normal
2025-06-27 13:05:23,85.78,53.61,24.9,0.366,Normal
2025-06-27 13:05:25,80.81,55.84,25.3,0.404,Normal
2025-06-27 13:05:25,88.35,58.47,25.4,0.325,Normal
2025-06-27 13:05:26,84.41,54.32,24.7,0.372,Normal
2025-06-27 13:05:27,86.72,54.19,25.7,0.346,Normal
2025-06-27 13:05:28,87.47,54.93,25.4,0.365,Normal
2025-06-27 13:05:28,83.55,57.48,24.6,0.385,Normal
2025-06-27 13:05:29,87.3,56.19,24.5,0.353,Normal
2025-06-27 13:05:30,84.39,56.74,24.7,0.338,Normal
2025-06-27 13:05:31,82.32,56.85,24.8,0.348,Normal
2025-06-27 13:05:31,85.26,55.4,24.5,0.333,Normal
2025-06-27 13:05:32,86.74,55.89,24.6,0.338,Normal
2025-06-27 13:05:33,86.4,58.12,24.6,0.345,Normal
2025-06-27 13:05:34,87.26,55.64,25.7,0.343,Normal
2025-06-27 13:05:35,82.64,55.55,24.5,0.323,Normal
2025-06-27 13:05:36,86.18,56.0,25.5,0.348,Normal
2025-06-27 13:05:36,82.77,56.68,24.8,0.343,Normal
2025-06-27 13:05:38,82.86,54.79,25.0,0.371,Normal
2025-06-27 13:05:38,84.61,56.53,24.1,0.374,Normal
2025-06-27 13:05:40,87.43,57.41,23.8,0.346,Normal
2025-06-27 13:05:40,85.25,56.47,25.2,0.312,Normal
2025-06-27 13:05:42,86.8,54.11,25.1,0.326,Normal
2025-06-27 13:05:42,85.15,55.1,24.3,0.353,Normal
2025-06-27 13:05:44,83.02,56.45,26.4,0.345,Normal
2025-06-27 13:05:44,87.25,54.39,25.6,0.386,Normal
2025-06-27 13:05:46,83.37,54.52,25.0,0.372,Normal
2025-06-27 13:05:46,83.23,54.79,25.5,0.339,Normal
2025-06-27 13:05:48,84.16,53.35,25.7,0.343,Normal
2025-06-27 13:05:48,84.49,53.98,24.6,0.334,Normal
2025-06-27 13:05:50,86.27,55.96,26.3,0.365,Normal
2025-06-27 13:05:50,84.2,53.15,25.9,0.359,Normal
2025-06-27 13:05:52,83.22,53.52,25.7,0.355,Normal
2025-06-27 13:05:52,83.1,56.12,25.0,0.343,Normal
2025-06-27 13:05:54,82.12,57.47,24.9,0.335,Normal
2025-06-27 13:05:54,83.3,55.67,25.1,0.339,Normal
2025-06-27 13:05:56,83.76,56.46,25.4,0.357,Normal
2025-06-27 13:05:56,84.31,54.49,24.7,0.342,Normal
2025-06-27 13:05:58,82.4,57.02,25.5,0.33,Normal
2025-06-27 13:05:58,86.02,56.56,25.1,0.345,Normal
2025-06-27 13:06:00,84.24,56.48,24.7,0.317,Normal
2025-06-27 13:06:00,86.0,54.29,24.4,0.377,Normal
2025-06-27 13:06:02,86.18,58.06,24.7,0.386,Normal
2025-06-27 13:06:02,84.0,56.64,24.9,0.327,Normal
2025-06-27 13:06:04,83.24,53.7,24.7,0.331,Normal
2025-06-27 13:06:04,81.24,55.02,25.4,0.362,Normal
2025-06-27 13:06:06,87.62,56.63,25.7,0.348,Normal
2025-06-27 13:06:06,83.55,54.59,25.3,0.351,Normal
2025-06-27 13:06:08,85.62,53.72,24.5,0.339,Normal
2025-06-27 13:06:08,83.75,54.72,24.9,0.345,Normal
2025-06-27 13:06:09,83.9,54.09,25.0,0.342,Normal
2025-06-27 13:06:09,83.3,55.76,26.1,0.341,Normal
2025-06-27 13:06:11,87.64,57.05,26.0,0.349,Normal
2025-06-27 13:06:11,84.85,53.87,25.0,0.349,Normal
2025-06-27 13:06:13,86.61,54.15,23.6,0.312,Normal
2025-06-27 13:06:13,84.01,53.56,25.1,0.336,Normal
2025-06-27 13:06:15,83.53,53.1,25.6,0.351,Normal
2025-06-27 13:06:15,83.64,57.19,25.5,0.34,Normal
2025-06-27 13:06:17,83.77,54.89,24.2,0.359,Normal
2025-06-27 13:06:17,84.56,55.45,24.8,0.358,Normal
2025-06-27 13:06:19,88.66,52.51,25.6,0.348,Normal
2025-06-27 13:06:19,86.81,53.13,25.0,0.386,Normal
2025-06-27 13:06:20,86.3,55.18,24.9,0.353,Normal
2025-06-27 13:06:21,85.63,54.6,24.4,0.389,Normal
2025-06-27 13:06:22,89.07,54.89,25.3,0.354,Normal
2025-06-27 13:06:22,84.93,54.08,25.3,0.35,Normal
2025-06-27 13:06:24,84.13,54.87,25.3,0.364,Normal
2025-06-27 13:06:24,85.08,54.25,25.5,0.36,Normal
2025-06-27 13:06:25,86.28,54.33,24.8,0.372,Normal
2025-06-27 13:06:26,84.23,56.71,24.5,0.352,Normal
2025-06-27 13:06:27,82.66,53.83,25.4,0.368,Normal
2025-06-27 13:06:27,87.92,55.72,24.2,0.374,Normal
2025-06-27 13:06:28,82.57,54.58,24.9,0.353,Normal
2025-06-27 13:06:29,87.83,58.15,25.2,0.37,Normal
2025-06-27 13:06:30,80.78,55.32,25.1,0.345,Normal
2025-06-27 13:06:30,83.37,56.53,25.1,0.327,Normal
2025-06-27 13:06:31,83.85,52.92,25.2,0.4,Normal
2025-06-27 13:06:32,84.06,55.7,24.7,0.362,Normal
2025-06-27 13:06:33,86.16,56.02,25.3,0.358,Normal
2025-06-27 13:06:34,83.15,54.28,25.1,0.353,Normal
2025-06-27 13:06:35,84.51,54.58,24.5,0.379,Normal
2025-06-27 13:06:35,87.06,55.77,25.2,0.339,Normal
2025-06-27 13:06:37,84.16,54.07,24.7,0.34,Normal
2025-06-27 13:06:37,80.49,56.58,23.8,0.314,Normal
2025-06-27 13:06:39,86.76,57.73,25.6,0.367,Normal
2025-06-27 13:06:39,85.65,54.47,25.3,0.363,Normal
2025-06-27 13:06:41,83.41,57.21,24.9,0.379,Normal
2025-06-27 13:06:41,87.06,57.02,25.5,0.362,Normal
2025-06-27 13:06:43,81.21,54.99,25.5,0.336,Normal
2025-06-27 13:06:43,83.51,55.63,25.4,0.37,Normal
2025-06-27 13:06:44,85.8,51.27,25.4,0.328,Normal
2025-06-27 13:06:44,85.91,51.88,24.8,0.356,Normal
2025-06-27 13:06:46,86.26,54.33,24.7,0.401,Normal
2025-06-27 13:06:46,81.63,52.63,24.8,0.36,Normal
2025-06-27 13:06:48,84.6,53.99,24.5,0.343,Normal
2025-06-27 13:06:48,83.44,52.8,25.0,0.35,Normal
2025-06-27 13:06:50,87.42,54.84,25.2,0.336,Normal
2025-06-27 13:06:50,89.45,56.79,25.4,0.342,Normal
2025-06-27 13:06:51,85.81,55.9,24.7,0.381,Normal
2025-06-27 13:06:52,85.35,54.16,25.1,0.327,Normal
2025-06-27 13:06:53,83.91,54.29,24.6,0.358,Normal
2025-06-27 13:06:53,83.95,55.15,25.3,0.361,Normal
2025-06-27 13:06:55,82.95,54.58,25.2,0.321,Normal
2025-06-27 13:06:55,85.48,55.33,24.3,0.361,Normal
2025-06-27 13:06:57,85.87,54.5,25.1,0.32,Normal
2025-06-27 13:06:57,85.9,52.53,25.7,0.35,Normal
2025-06-27 13:06:58,86.05,51.15,24.1,0.353,Normal
2025-06-27 13:06:59,88.97,55.38,25.5,0.34,Normal
2025-06-27 13:07:00,87.68,56.74,25.1,0.347,Normal
2025-06-27 13:07:00,86.97,56.72,25.9,0.366,Normal
2025-06-27 13:07:02,85.13,54.08,25.3,0.367,Normal
2025-06-27 13:07:02,81.77,54.25,24.6,0.341,Normal
2025-06-27 13:07:03,85.02,56.43,25.1,0.33,Normal
2025-06-27 13:07:04,89.52,55.2,24.8,0.369,Normal
2025-06-27 13:07:05,82.14,53.59,24.6,0.337,Normal
2025-06-27 13:07:05,86.8,55.87,24.9,0.341,Normal
2025-06-27 13:07:07,86.54,55.76,25.6,0.394,Normal
2025-06-27 13:07:07,83.71,54.62,24.8,0.357,Normal
2025-06-27 13:07:09,86.41,53.25,25.0,0.347,Normal
2025-06-27 13:07:09,80.08,57.83,24.6,0.373,Normal
2025-06-27 13:07:10,85.36,53.1,25.0,0.353,Normal
2025-06-27 13:07:10,84.64,56.89,25.8,0.327,Normal
2025-06-27 13:07:12,84.97,56.59,24.7,0.33,Normal
2025-06-27 13:07:12,82.73,52.57,25.5,0.368,Normal
2025-06-27 13:07:13,84.58,54.98,24.5,0.371,Normal
2025-06-27 13:07:14,84.83,55.32,25.3,0.342,Normal
2025-06-27 13:07:15,87.81,55.3,25.0,0.352,Normal
2025-06-27 13:07:16,82.74,54.14,25.4,0.384,Normal
2025-06-27 13:07:17,83.91,54.76,25.4,0.362,Normal
2025-06-27 13:07:17,85.03,54.1,24.9,0.331,Normal
2025-06-27 13:07:19,86.45,55.46,25.4,0.352,Normal
2025-06-27 13:07:19,85.15,58.45,25.0,0.381,Normal
2025-06-27 13:07:21,83.26,55.96,24.0,0.365,Normal
2025-06-27 13:07:21,86.29,57.74,24.9,0.317,Normal
2025-06-27 13:07:22,84.97,52.51,24.3,0.341,Normal
2025-06-27 13:07:23,84.29,52.7,24.9,0.382,Normal
2025-06-27 13:07:24,88.0,55.74,24.6,0.365,Normal
2025-06-27 13:07:24,85.34,52.92,25.8,0.361,Normal
2025-06-27 13:07:25,86.07,56.54,25.5,0.295,Normal
2025-06-27 13:07:26,83.16,54.18,25.1,0.349,Normal
2025-06-27 13:07:27,87.09,54.44,24.9,0.367,Normal
2025-06-27 13:07:27,86.3,54.3,25.2,0.344,Normal
2025-06-27 13:07:28,88.09,57.08,24.3,0.336,Normal
2025-06-27 13:07:29,89.88,52.97,24.9,0.32,Normal
2025-06-27 13:07:30,87.31,56.46,24.7,0.378,Normal
2025-06-27 13:07:30,87.63,56.99,24.1,0.317,Normal
2025-06-27 13:07:32,85.99,54.41,25.1,0.357,Normal
2025-06-27 13:07:32,88.04,55.72,24.3,0.363,Normal
2025-06-27 13:07:33,81.43,52.67,24.9,0.35,Normal
2025-06-27 13:07:34,85.8,54.63,25.9,0.34,Normal
2025-06-27 13:07:35,86.13,54.48,23.8,0.353,Normal
2025-06-27 13:07:35,85.28,53.1,25.1,0.347,Normal
2025-06-27 13:07:36,84.4,56.08,25.1,0.305,Normal
2025-06-27 13:07:37,83.71,55.44,24.7,0.327,Normal
2025-06-27 13:07:38,84.65,54.54,24.7,0.353,Normal
2025-06-27 13:07:39,88.89,54.86,25.0,0.319,Normal
2025-06-27 13:07:40,82.22,56.84,25.5,0.335,Normal
2025-06-27 13:07:40,85.14,55.73,25.0,0.33,Normal
2025-06-27 13:07:41,84.83,54.19,25.2,0.377,Normal
2025-06-27 13:07:42,86.9,55.57,25.1,0.341,Normal
2025-06-27 13:07:43,87.64,54.23,25.3,0.354,Normal
2025-06-27 13:07:43,83.43,57.91,24.9,0.337,Normal
2025-06-27 13:07:44,84.66,55.62,25.6,0.38,Normal
2025-06-27 13:07:45,81.75,56.39,25.7,0.352,Normal
2025-06-27 13:07:46,87.41,57.36,25.5,0.388,Normal
2025-06-27 13:07:46,87.52,55.61,25.1,0.37,Normal
2025-06-27 13:07:47,82.24,55.86,25.0,0.365,Normal
2025-06-27 13:07:48,83.05,57.17,25.0,0.399,Normal
2025-06-27 13:07:49,83.02,54.25,24.8,0.325,Normal
2025-06-27 13:07:49,84.76,52.6,25.3,0.351,Normal
2025-06-27 13:07:51,84.47,55.14,24.8,0.328,Normal
2025-06-27 13:07:51,84.05,56.41,24.5,0.365,Normal
2025-06-27 13:07:52,85.73,56.65,24.8,0.322,Normal
2025-06-27 13:07:53,82.86,58.12,24.5,0.355,Normal
2025-06-27 13:07:54,86.19,54.51,24.9,0.374,Normal
2025-06-27 13:07:54,85.65,56.57,24.3,0.316,Normal
2025-06-27 13:07:55,82.32,54.71,25.2,0.328,Normal
2025-06-27 13:07:56,86.15,55.44,25.2,0.385,Normal
2025-06-27 13:07:57,85.35,53.14,25.3,0.321,Normal
2025-06-27 13:07:57,83.81,55.13,25.9,0.34,Normal
2025-06-27 13:07:58,82.73,54.39,25.2,0.357,Normal
2025-06-27 13:07:59,86.36,53.29,25.0,0.374,Normal
2025-06-27 13:08:00,88.34,56.82,24.2,0.337,Normal
2025-06-27 13:08:00,84.8,54.32,26.0,0.355,Normal
2025-06-27 13:08:01,86.01,53.67,24.8,0.366,Normal
2025-06-27 13:08:02,86.03,54.77,24.5,0.367,Normal
2025-06-27 13:08:03,88.93,56.71,25.4,0.342,Normal
2025-06-27 13:08:03,86.73,53.23,25.1,0.372,Normal
2025-06-27 13:08:04,82.87,54.55,25.8,0.383,Normal
2025-06-27 13:08:05,85.62,52.12,24.8,0.349,Normal
2025-06-27 13:08:06,82.44,55.75,25.4,0.348,Normal
2025-06-27 13:08:06,85.1,54.63,24.9,0.325,Normal
2025-06-27 13:08:08,85.42,57.66,25.6,0.331,Normal
2025-06-27 13:08:08,82.1,56.03,24.9,0.338,Normal
2025-06-27 13:08:10,86.31,55.66,24.6,0.344,Normal
2025-06-27 13:08:10,87.27,54.23,25.4,0.363,Normal
2025-06-27 13:08:11,83.59,54.68,25.1,0.338,Normal
2025-06-27 13:08:12,87.85,57.66,25.2,0.351,Normal
2025-06-27 13:08:13,85.58,54.61,24.7,0.357,Normal
2025-06-27 13:08:13,85.84,53.55,25.0,0.329,Normal
2025-06-27 13:08:15,82.41,55.3,24.7,0.357,Normal
2025-06-27 13:08:15,86.87,56.57,25.4,0.369,Normal
2025-06-27 13:08:16,83.95,55.87,24.4,0.351,Normal
2025-06-27 13:08:17,85.71,54.9,24.3,0.302,Normal
2025-06-27 13:08:18,87.67,54.55,25.3,0.328,Normal
2025-06-27 13:08:18,84.75,53.59,24.2,0.329,Normal
2025-06-27 13:08:19,83.05,54.64,25.2,0.325,Normal
2025-06-27 13:08:19,83.63,55.28,24.4,0.394,Normal
2025-06-27 13:08:21,83.21,54.55,25.1,0.36,Normal
2025-06-27 13:08:21,83.61,56.27,25.2,0.343,Normal
2025-06-27 13:08:23,81.18,55.96,24.5,0.371,Normal
2025-06-27 13:08:23,85.06,54.56,24.6,0.354,Normal
2025-06-27 13:08:24,85.29,54.99,24.4,0.376,Normal
2025-06-27 13:08:24,82.21,58.33,25.5,0.35,Normal
2025-06-27 13:08:26,83.41,51.65,24.7,0.347,Normal
2025-06-27 13:08:26,84.4,52.23,24.9,0.358,Normal
2025-06-27 13:08:28,83.99,56.15,25.2,0.334,Normal
2025-06-27 13:08:28,83.28,53.04,25.0,0.352,Normal
2025-06-27 13:08:29,90.48,54.0,25.0,0.323,Normal
2025-06-27 13:08:30,88.39,54.87,24.1,0.343,Normal
2025-06-27 13:08:31,86.05,53.03,25.7,0.345,Normal
2025-06-27 13:08:31,86.18,50.92,26.2,0.38,Normal
2025-06-27 13:08:33,86.86,55.59,24.4,0.344,Normal
2025-06-27 13:08:33,86.02,55.55,24.8,0.389,Normal
2025-06-27 13:08:34,88.16,55.91,25.1,0.355,Normal
2025-06-27 13:08:35,84.87,54.45,24.2,0.354,Normal
2025-06-27 13:08:36,84.06,56.06,25.5,0.378,Normal
2025-06-27 13:08:36,85.15,53.91,26.5,0.338,Normal
2025-06-27 13:08:37,83.09,55.72,24.3,0.366,Normal
2025-06-27 13:08:38,84.32,55.53,24.7,0.395,Normal
2025-06-27 13:08:39,82.85,56.22,26.2,0.346,Normal
2025-06-27 13:08:39,82.96,54.51,25.5,0.372,Normal
2025-06-27 13:08:41,87.98,53.56,25.0,0.308,Normal
2025-06-27 13:08:41,83.22,56.99,25.2,0.375,Normal
2025-06-27 13:08:42,82.83,52.69,24.6,0.314,Normal
2025-06-27 13:08:43,84.12,55.96,25.6,0.358,Normal
2025-06-27 13:08:44,82.18,52.67,25.0,0.358,Normal
2025-06-27 13:08:44,82.47,55.04,24.6,0.315,Normal
2025-06-27 13:08:45,88.06,52.97,25.4,0.377,Normal
2025-06-27 13:08:46,86.12,54.65,25.2,0.401,Normal
2025-06-27 13:08:47,81.07,55.02,24.4,0.346,Normal
2025-06-27 13:08:47,84.31,56.79,24.5,0.34,Normal
2025-06-27 13:08:48,84.47,53.49,24.9,0.346,Normal
2025-06-27 13:08:49,87.21,55.08,24.4,0.348,Normal
2025-06-27 13:08:50,80.98,54.18,24.1,0.377,Normal
2025-06-27 13:08:50,85.8,55.05,25.5,0.341,Normal
2025-06-27 13:08:51,84.23,54.51,24.8,0.323,Normal
2025-06-27 13:08:52,84.88,54.4,24.3,0.37,Normal
2025-06-27 13:08:53,83.87,58.18,25.4,0.384,Normal
2025-06-27 13:08:53,85.84,53.7,25.9,0.388,Normal
2025-06-27 13:08:54,84.86,56.97,24.4,0.334,Normal
2025-06-27 13:08:55,84.52,54.07,25.7,0.336,Normal
2025-06-27 13:08:56,81.98,55.92,24.3,0.352,Normal
2025-06-27 13:08:56,86.5,54.13,25.1,0.328,Normal
2025-06-27 13:08:57,85.14,53.1,24.7,0.34,Normal
2025-06-27 13:08:58,85.16,54.9,25.2,0.347,Normal
2025-06-27 13:08:59,82.39,55.1,25.6,0.343,Normal
2025-06-27 13:08:59,89.03,54.9,24.9,0.348,Normal
2025-06-27 13:09:01,86.06,58.85,25.1,0.378,Normal
2025-06-27 13:09:01,87.86,55.29,23.9,0.343,Normal
2025-06-27 13:09:02,84.27,54.5,24.8,0.359,Normal
2025-06-27 13:09:02,87.58,54.44,25.0,0.348,Normal
2025-06-27 13:09:04,84.68,54.55,25.0,0.36,Normal
2025-06-27 13:09:04,82.41,55.66,26.0,0.323,Normal
2025-06-27 13:09:05,84.96,53.32,25.3,0.374,Normal
2025-06-27 13:09:05,87.26,54.55,23.7,0.331,Normal
2025-06-27 13:09:07,84.98,52.27,25.0,0.342,Normal
2025-06-27 13:09:07,85.05,57.84,24.5,0.371,Normal
2025-06-27 13:09:08,87.1,54.45,24.4,0.326,Normal
2025-06-27 13:09:09,87.5,55.52,25.2,0.353,Normal
2025-06-27 13:09:10,84.32,56.09,24.9,0.377,Normal
2025-06-27 13:09:10,85.36,55.25,24.7,0.348,Normal
2025-06-27 13:09:11,81.88,56.55,25.9,0.376,Normal
2025-06-27 13:09:12,85.51,55.09,24.8,0.335,Normal
2025-06-27 13:09:13,81.85,56.45,24.6,0.354,Normal
2025-06-27 13:09:13,83.68,57.04,26.0,0.318,Normal
2025-06-27 13:09:14,82.48,55.44,25.2,0.317,Normal
2025-06-27 13:09:15,86.64,55.66,26.3,0.357,Normal
2025-06-27 13:09:16,82.07,53.82,24.5,0.316,Normal
2025-06-27 13:09:16,84.43,53.93,25.9,0.359,Normal
2025-06-27 13:09:18,83.17,52.49,25.3,0.378,Normal
2025-06-27 13:09:18,81.05,54.77,26.0,0.348,Normal
2025-06-27 13:09:19,84.92,57.26,25.7,0.321,Normal
2025-06-27 13:09:19,86.3,55.51,24.6,0.357,Normal
2025-06-27 13:09:21,83.96,55.42,24.7,0.37,Normal
2025-06-27 13:09:21,83.81,52.85,24.9,0.329,Normal
2025-06-27 13:09:22,88.63,53.61,25.0,0.348,Normal
2025-06-27 13:09:22,82.34,55.07,25.8,0.328,Normal
2025-06-27 13:09:24,86.57,54.9,25.1,0.364,Normal
2025-06-27 13:09:24,90.78,56.84,24.0,0.374,Normal
2025-06-27 13:09:25,82.75,55.74,24.9,0.371,Normal
2025-06-27 13:09:26,85.86,54.86,25.2,0.37,Normal
2025-06-27 13:09:27,82.42,51.82,25.0,0.323,Normal
2025-06-27 13:09:27,86.12,54.34,25.6,0.346,Normal
2025-06-27 13:09:28,84.59,54.84,24.7,0.354,Normal
2025-06-27 13:09:29,83.96,54.59,24.7,0.35,Normal
2025-06-27 13:09:30,85.51,56.65,24.2,0.376,Normal
2025-06-27 13:09:30,85.87,57.24,25.4,0.378,Normal
2025-06-27 13:09:32,86.13,55.78,25.3,0.353,Normal
2025-06-27 13:09:32,85.89,58.84,24.0,0.376,Normal
2025-06-27 13:09:33,82.52,53.54,24.3,0.348,Normal
2025-06-27 13:09:34,83.46,54.05,24.8,0.378,Normal
2025-06-27 13:09:35,83.7,57.62,25.2,0.333,Normal
2025-06-27 13:09:35,85.04,58.31,25.5,0.361,Normal
2025-06-27 13:09:36,80.28,56.59,24.6,0.342,Normal
2025-06-27 13:09:37,89.11,53.29,24.9,0.332,Normal
2025-06-27 13:09:38,85.15,55.97,24.3,0.344,Normal
2025-06-27 13:09:38,83.94,53.04,25.9,0.358,Normal
2025-06-27 13:09:39,84.29,56.72,24.8,0.329,Normal
2025-06-27 13:09:40,86.7,57.64,25.3,0.351,Normal
2025-06-27 13:09:41,84.64,52.67,25.4,0.318,Normal
2025-06-27 13:09:41,85.26,56.36,25.0,0.343,Normal
2025-06-27 13:09:43,83.76,55.63,25.1,0.322,Normal
2025-06-27 13:09:43,85.45,54.84,25.7,0.379,Normal
2025-06-27 13:09:44,87.23,55.47,25.3,0.306,Normal
2025-06-27 13:09:45,83.37,56.35,25.1,0.341,Normal
2025-06-27 13:09:46,84.22,51.78,25.6,0.365,Normal
2025-06-27 13:09:46,87.92,55.12,24.6,0.328,Normal
2025-06-27 13:09:47,86.18,55.01,24.5,0.336,Normal
2025-06-27 13:09:48,83.59,55.16,25.3,0.365,Normal
2025-06-27 13:09:49,81.43,52.99,24.8,0.31,Normal
2025-06-27 13:09:49,84.99,58.04,24.1,0.335,Normal
2025-06-27 13:09:50,88.18,54.24,24.0,0.35,Normal
2025-06-27 13:09:51,84.16,53.66,24.9,0.336,Normal
2025-06-27 13:09:52,87.04,55.25,25.4,0.346,Normal
2025-06-27 13:09:52,87.66,54.01,24.3,0.371,Normal
2025-06-27 13:09:53,84.67,54.66,23.9,0.376,Normal
2025-06-27 13:09:54,85.07,56.34,25.3,0.366,Normal
2025-06-27 13:09:55,80.76,55.96,24.6,0.339,Normal
2025-06-27 13:09:55,83.98,55.51,24.6,0.374,Normal
2025-06-27 13:09:56,80.84,54.62,25.1,0.363,Normal
2025-06-27 13:09:57,84.08,55.27,24.6,0.327,Normal
2025-06-27 13:09:58,84.54,55.64,25.5,0.353,Normal
2025-06-27 13:09:58,84.84,56.86,25.2,0.325,Normal
2025-06-27 13:10:00,85.93,55.14,25.1,0.36,Normal
2025-06-27 13:10:00,83.29,52.79,25.4,0.321,Normal
2025-06-27 13:10:01,84.6,55.47,24.5,0.366,Normal
2025-06-27 13:10:02,87.15,55.34,25.9,0.353,Normal
2025-06-27 13:10:03,86.48,55.84,24.8,0.337,Normal
2025-06-27 13:10:03,84.88,54.45,25.6,0.325,Normal
2025-06-27 13:10:04,87.05,54.21,24.7,0.363,Normal
2025-06-27 13:10:05,82.16,53.68,25.1,0.352,Normal
2025-06-27 13:10:06,85.06,56.8,24.6,0.346,Normal
2025-06-27 13:10:06,84.78,54.27,25.6,0.335,Normal
2025-06-27 13:10:07,84.04,54.95,25.5,0.317,Normal
2025-06-27 13:10:08,87.65,56.59,24.5,0.367,Normal
2025-06-27 13:10:09,85.12,53.96,25.0,0.329,Normal
2025-06-27 13:10:09,86.87,58.68,25.2,0.366,Normal
2025-06-27 13:10:10,83.19,55.51,25.0,0.345,Normal
2025-06-27 13:10:11,83.49,55.02,25.1,0.336,Normal
2025-06-27 13:10:12,83.42,56.5,25.4,0.365,Normal
2025-06-27 13:10:12,85.95,53.46,25.0,0.37,Normal
2025-06-27 13:10:14,87.44,55.07,25.1,0.322,Normal
2025-06-27 13:10:14,83.04,55.37,24.6,0.338,Normal
2025-06-27 13:10:15,85.3,54.46,25.6,0.351,Normal
2025-06-27 13:10:16,84.85,54.2,24.3,0.34,Normal
2025-06-27 13:10:17,86.41,57.96,24.9,0.378,Normal
2025-06-27 13:10:18,83.47,52.93,25.9,0.358,Normal
2025-06-27 13:10:19,88.11,53.45,25.3,0.32,Normal
2025-06-27 13:10:19,88.28,56.25,25.4,0.361,Normal
2025-06-27 13:10:20,81.13,53.38,24.7,0.352,Normal
2025-06-27 13:10:20,83.61,55.44,25.1,0.349,Normal
2025-06-27 13:10:22,87.53,54.88,23.4,0.348,Normal
2025-06-27 13:10:22,88.14,55.07,25.1,0.326,Normal
2025-06-27 13:10:23,84.86,56.53,24.9,0.346,Normal
2025-06-27 13:10:23,84.25,57.47,24.7,0.331,Normal
2025-06-27 13:10:25,85.06,54.41,25.4,0.346,Normal
2025-06-27 13:10:25,85.32,56.37,25.1,0.363,Normal
2025-06-27 13:10:26,85.57,52.13,24.3,0.354,Normal
2025-06-27 13:10:27,83.08,54.87,25.5,0.336,Normal
2025-06-27 13:10:28,82.25,53.92,25.3,0.333,Normal
2025-06-27 13:10:28,84.04,54.37,24.3,0.369,Normal
2025-06-27 13:10:29,83.28,54.94,25.2,0.361,Normal
2025-06-27 13:10:30,82.9,52.33,25.5,0.35,Normal
2025-06-27 13:10:31,84.88,55.64,24.5,0.362,Normal
2025-06-27 13:10:31,87.15,52.9,24.8,0.357,Normal
2025-06-27 13:10:32,85.29,55.02,23.8,0.316,Normal
2025-06-27 13:10:33,85.34,57.09,24.9,0.388,Normal
2025-06-27 13:10:34,87.77,58.34,24.6,0.344,Normal
2025-06-27 13:10:34,86.87,56.1,24.8,0.307,Normal
2025-06-27 13:10:36,84.76,54.81,25.7,0.348,Normal
2025-06-27 13:10:36,83.73,52.79,25.2,0.349,Normal
2025-06-27 13:10:37,81.86,55.32,25.3,0.325,Normal
2025-06-27 13:10:38,87.26,54.26,25.2,0.306,Normal
2025-06-27 13:10:39,84.56,53.66,25.1,0.343,Normal
2025-06-27 13:10:39,87.2,55.77,25.6,0.329,Normal
2025-06-27 13:10:40,88.51,53.05,25.0,0.336,Normal
2025-06-27 13:10:40,85.09,57.86,24.4,0.357,Normal
2025-06-27 13:10:42,85.37,58.28,25.5,0.354,Normal
2025-06-27 13:10:42,87.26,53.19,25.4,0.352,Normal
2025-06-27 13:10:43,83.87,54.94,25.3,0.347,Normal
2025-06-27 13:10:44,83.12,57.16,24.7,0.354,Normal
2025-06-27 13:10:45,81.68,55.85,24.3,0.36,Normal
2025-06-27 13:10:45,84.24,54.33,25.4,0.325,Normal
2025-06-27 13:10:46,84.98,54.25,24.4,0.334,Normal
2025-06-27 13:10:47,84.82,55.47,25.5,0.328,Normal
2025-06-27 13:10:48,86.5,52.83,25.3,0.387,Normal
2025-06-27 13:10:48,82.91,55.21,24.8,0.33,Normal
2025-06-27 13:10:50,85.66,54.71,24.2,0.357,Normal
2025-06-27 13:10:50,84.13,54.73,24.3,0.337,Normal
2025-06-27 13:10:51,85.73,55.79,24.5,0.353,Normal
2025-06-27 13:10:51,83.6,57.48,24.9,0.344,Normal
2025-06-27 13:10:53,85.9,55.2,25.0,0.341,Normal
2025-06-27 13:10:53,86.81,55.36,25.5,0.357,Normal
2025-06-27 13:10:55,82.13,55.4,24.5,0.328,Normal
2025-06-27 13:10:55,84.91,53.38,25.1,0.35,Normal
2025-06-27 13:10:56,83.57,55.3,24.9,0.354,Normal
2025-06-27 13:10:57,86.88,54.73,24.4,0.353,Normal
2025-06-27 13:10:58,81.23,55.03,25.7,0.367,Normal
2025-06-27 13:10:58,81.25,53.93,24.8,0.361,Normal
2025-06-27 13:10:59,85.18,53.59,25.0,0.338,Normal
2025-06-27 13:11:00,84.76,55.64,24.8,0.317,Normal
2025-06-27 13:11:01,84.43,56.01,25.6,0.39,Normal
2025-06-27 13:11:01,84.28,53.71,25.3,0.344,Normal
2025-06-27 13:11:02,82.89,55.97,25.0,0.353,Normal
2025-06-27 13:11:03,79.69,56.18,24.9,0.359,Normal
2025-06-27 13:11:04,85.73,54.26,25.4,0.344,Normal
2025-06-27 13:11:04,86.88,55.56,24.7,0.376,Normal
2025-06-27 13:11:05,79.81,51.88,24.9,0.335,Normal
2025-06-27 13:11:06,85.44,55.99,25.1,0.312,Normal
2025-06-27 13:11:07,81.89,57.06,24.7,0.339,Normal
2025-06-27 13:11:07,85.67,55.41,25.6,0.334,Normal
2025-06-27 13:11:08,83.0,53.89,25.6,0.355,Normal
2025-06-27 13:11:09,83.84,52.45,25.2,0.359,Normal
2025-06-27 13:11:10,86.64,56.13,24.8,0.377,Normal
2025-06-27 13:11:10,85.66,54.21,25.0,0.329,Normal
2025-06-27 13:11:12,88.87,53.24,25.9,0.351,Normal
2025-06-27 13:11:12,83.87,53.66,24.6,0.349,Normal
2025-06-27 13:11:13,87.32,54.59,24.2,0.364,Normal
2025-06-27 13:11:13,87.03,53.17,24.6,0.349,Normal
2025-06-27 13:11:15,87.73,56.04,24.8,0.346,Normal
2025-06-27 13:11:15,87.02,56.94,25.7,0.318,Normal
2025-06-27 13:11:17,85.4,56.96,25.3,0.34,Normal
2025-06-27 13:11:17,85.09,55.1,25.0,0.338,Normal
2025-06-27 13:11:18,87.06,56.01,24.9,0.359,Normal
2025-06-27 13:11:19,85.28,56.32,25.1,0.353,Normal
2025-06-27 13:11:20,85.21,53.56,24.6,0.362,Normal
2025-06-27 13:11:20,86.45,54.4,24.9,0.353,Normal
2025-06-27 13:11:22,84.37,55.25,25.7,0.352,Normal
2025-06-27 13:11:22,86.77,51.14,24.8,0.361,Normal
2025-06-27 13:11:24,84.49,53.26,24.5,0.344,Normal
2025-06-27 13:11:24,88.55,53.58,24.7,0.378,Normal
2025-06-27 13:11:25,85.68,53.92,25.1,0.344,Normal
2025-06-27 13:11:25,84.23,54.26,25.4,0.345,Normal
2025-06-27 13:11:27,88.87,55.98,25.2,0.381,Normal
2025-06-27 13:11:27,87.52,55.27,24.9,0.361,Normal
2025-06-27 13:11:28,82.07,52.88,24.5,0.333,Normal
2025-06-27 13:11:28,85.96,54.88,25.0,0.34,Normal
2025-06-27 13:11:30,85.64,55.04,24.6,0.331,Normal
2025-06-27 13:11:30,86.62,54.92,24.5,0.356,Normal
2025-06-27 13:11:32,86.56,55.57,25.1,0.323,Normal
2025-06-27 13:11:32,87.9,56.39,25.1,0.388,Normal
2025-06-27 13:11:33,83.15,52.36,25.8,0.379,Normal
2025-06-27 13:11:34,85.55,53.49,25.0,0.374,Normal
2025-06-27 13:11:35,85.43,54.87,25.2,0.356,Normal
2025-06-27 13:11:35,83.97,55.14,24.2,0.363,Normal
2025-06-27 13:11:36,87.3,56.71,25.2,0.337,Normal
2025-06-27 13:11:37,83.88,56.06,25.2,0.34,Normal
2025-06-27 13:11:38,86.74,56.0,24.7,0.328,Normal
2025-06-27 13:11:38,84.72,55.08,24.7,0.351,Normal
2025-06-27 13:11:40,82.18,52.52,24.6,0.363,Normal
2025-06-27 13:11:40,86.74,53.2,25.4,0.366,Normal
2025-06-27 13:11:41,87.45,55.94,25.3,0.331,Normal
2025-06-27 13:11:42,84.07,56.22,24.7,0.36,Normal
2025-06-27 13:11:43,81.86,53.86,24.9,0.332,Normal
2025-06-27 13:11:43,84.43,54.65,25.0,0.351,Normal
2025-06-27 13:11:44,86.51,54.6,24.6,0.343,Normal
2025-06-27 13:11:45,84.03,53.05,25.1,0.321,Normal
2025-06-27 13:11:46,81.99,53.75,24.7,0.402,Normal
2025-06-27 13:11:46,83.18,54.76,25.1,0.325,Normal
2025-06-27 13:11:47,88.43,58.57,24.5,0.36,Normal
2025-06-27 13:11:48,83.47,57.57,24.5,0.352,Normal
2025-06-27 13:11:49,85.95,54.62,25.1,0.375,Normal
2025-06-27 13:11:49,82.31,55.88,24.2,0.358,Normal
2025-06-27 13:11:50,84.85,54.38,24.8,0.376,Normal
2025-06-27 13:11:51,85.61,55.38,25.0,0.358,Normal
2025-06-27 13:11:52,82.99,53.53,24.8,0.363,Normal
2025-06-27 13:11:52,85.54,54.88,24.9,0.351,Normal
2025-06-27 13:11:53,85.06,56.23,24.3,0.341,Normal
2025-06-27 13:11:54,82.85,55.33,25.7,0.388,Normal
2025-06-27 13:11:55,84.27,54.96,24.7,0.363,Normal
2025-06-27 13:11:56,79.97,53.52,23.9,0.307,Normal
2025-06-27 13:11:57,82.27,54.26,25.7,0.374,Normal
2025-06-27 13:11:57,84.17,52.62,24.4,0.348,Normal
2025-06-27 13:11:58,86.86,54.81,24.5,0.328,Normal
2025-06-27 13:11:59,85.03,54.81,25.0,0.326,Normal
2025-06-27 13:12:00,87.14,57.13,24.7,0.361,Normal
2025-06-27 13:12:00,85.62,52.52,25.0,0.327,Normal
2025-06-27 13:12:01,82.94,56.58,24.4,0.346,Normal
2025-06-27 13:12:02,87.85,58.19,25.8,0.385,Normal
2025-06-27 13:12:03,84.38,53.41,25.1,0.345,Normal
2025-06-27 13:12:03,82.61,54.24,24.8,0.322,Normal
2025-06-27 13:12:04,84.4,56.52,25.0,0.353,Normal
2025-06-27 13:12:05,81.96,55.13,25.1,0.362,Normal
2025-06-27 13:12:06,86.45,55.77,24.9,0.341,Normal
2025-06-27 13:12:06,84.97,55.17,25.0,0.312,Normal
2025-06-27 13:12:07,85.52,52.29,25.1,0.356,Normal
2025-06-27 13:12:08,85.84,55.97,25.6,0.346,Normal
2025-06-27 13:12:09,83.72,57.67,25.1,0.343,Normal
2025-06-27 13:12:09,89.19,56.21,24.1,0.374,Normal
2025-06-27 13:12:11,82.33,54.42,25.1,0.368,Normal
2025-06-27 13:12:11,84.55,53.49,24.6,0.345,Normal
2025-06-27 13:12:12,84.02,53.3,24.1,0.399,Normal
2025-06-27 13:12:12,89.0,56.91,25.3,0.323,Normal
2025-06-27 13:12:14,83.56,55.05,25.6,0.359,Normal
2025-06-27 13:12:14,85.22,54.29,24.5,0.338,Normal
2025-06-27 13:12:15,86.55,56.31,25.5,0.336,Normal
2025-06-27 13:12:16,85.67,53.42,26.1,0.337,Normal
2025-06-27 13:12:17,85.79,54.82,25.3,0.3,Normal
2025-06-27 13:12:17,82.24,55.86,25.0,0.361,Normal
2025-06-27 13:12:18,82.22,54.38,25.3,0.332,Normal
2025-06-27 13:12:19,86.16,58.22,24.8,0.36,Normal
2025-06-27 13:12:20,88.06,54.31,25.5,0.348,Normal
2025-06-27 13:12:20,84.52,53.51,25.7,0.348,Normal
2025-06-27 13:12:21,86.57,55.35,25.1,0.374,Normal
2025-06-27 13:12:22,80.91,55.24,24.6,0.367,Normal
2025-06-27 13:12:23,85.44,55.87,25.0,0.297,Normal
2025-06-27 13:12:23,84.82,54.26,24.7,0.376,Normal
2025-06-27 13:12:24,86.34,56.25,24.1,0.35,Normal
2025-06-27 13:12:25,87.35,57.68,25.6,0.331,Normal
2025-06-27 13:12:26,85.33,56.6,24.4,0.359,Normal
2025-06-27 13:12:26,84.03,55.83,25.1,0.317,Normal
2025-06-27 13:12:27,84.3,57.18,24.1,0.31,Normal
2025-06-27 13:12:28,85.27,54.18,24.6,0.349,Normal
2025-06-27 13:12:29,85.33,54.5,25.5,0.332,Normal
2025-06-27 13:12:29,87.0,54.35,24.2,0.35,Normal
2025-06-27 13:12:31,81.97,55.04,24.5,0.367,Normal
2025-06-27 13:12:31,83.55,54.98,25.4,0.35,Normal
2025-06-27 13:12:32,89.68,53.12,24.6,0.361,Normal
2025-06-27 13:12:33,85.13,56.17,25.1,0.365,Normal
2025-06-27 13:12:34,84.72,54.64,25.8,0.331,Normal
2025-06-27 13:12:34,88.31,54.81,24.0,0.333,Normal
2025-06-27 13:12:36,83.9,56.77,25.5,0.344,Normal
2025-06-27 13:12:36,86.88,55.38,25.3,0.364,Normal
2025-06-27 13:12:37,86.39,54.71,24.6,0.32,Normal
2025-06-27 13:12:38,81.35,54.12,24.0,0.353,Normal
2025-06-27 13:12:39,86.19,52.6,24.6,0.361,Normal
2025-06-27 13:12:39,87.44,55.88,25.2,0.371,Normal
2025-06-27 13:12:40,86.65,54.45,24.5,0.347,Normal
2025-06-27 13:12:41,87.45,55.84,24.7,0.367,Normal
2025-06-27 13:12:42,88.67,52.99,25.0,0.334,Normal
2025-06-27 13:12:42,86.58,55.8,24.0,0.358,Normal
2025-06-27 13:12:43,86.38,54.64,26.1,0.344,Normal
2025-06-27 13:12:44,85.52,54.69,25.4,0.368,Normal
2025-06-27 13:12:45,86.88,52.95,25.8,0.368,Normal
2025-06-27 13:12:45,90.17,55.23,25.4,0.333,Normal
2025-06-27 13:12:46,87.74,52.59,24.5,0.354,Normal
2025-06-27 13:12:47,86.37,54.12,24.6,0.334,Normal
2025-06-27 13:12:48,82.05,55.35,24.3,0.338,Normal
2025-06-27 13:12:48,87.02,53.45,24.9,0.342,Normal
2025-06-27 13:12:49,86.53,55.19,25.5,0.389,Normal
2025-06-27 13:12:50,85.15,53.72,24.8,0.328,Normal
2025-06-27 13:12:51,84.14,54.77,23.9,0.382,Normal
2025-06-27 13:12:51,86.01,54.05,25.0,0.331,Normal
2025-06-27 13:12:52,83.66,55.66,24.8,0.345,Normal
2025-06-27 13:12:53,84.08,55.27,25.1,0.342,Normal
2025-06-27 13:12:54,84.83,54.87,25.6,0.316,Normal
2025-06-27 13:12:54,81.15,55.05,25.8,0.325,Normal
2025-06-27 13:12:56,86.35,56.32,25.3,0.329,Normal
2025-06-27 13:12:56,84.25,54.54,25.5,0.334,Normal
2025-06-27 13:12:57,87.16,52.91,24.9,0.368,Normal
2025-06-27 13:12:58,85.78,52.45,26.0,0.355,Normal
2025-06-27 13:12:59,81.72,54.57,24.6,0.341,Normal
2025-06-27 13:12:59,85.4,53.87,25.5,0.376,Normal
2025-06-27 13:13:00,83.24,54.96,24.8,0.332,Normal
2025-06-27 13:13:00,86.67,55.6,24.1,0.337,Normal
2025-06-27 13:13:02,83.32,57.68,24.7,0.337,Normal
2025-06-27 13:13:02,86.14,54.74,24.9,0.326,Normal
2025-06-27 13:13:03,81.88,56.98,25.0,0.376,Normal
2025-06-27 13:13:03,83.62,53.96,24.5,0.345,Normal
2025-06-27 13:13:05,85.97,52.39,25.4,0.357,Normal
2025-06-27 13:13:05,85.66,54.94,25.3,0.359,Normal
2025-06-27 13:13:06,86.65,57.84,25.3,0.339,Normal
2025-06-27 13:13:07,85.27,55.9,25.0,0.362,Normal
2025-06-27 13:13:08,87.34,55.42,24.9,0.32,Normal
2025-06-27 13:13:08,85.06,57.04,24.6,0.348,Normal
2025-06-27 13:13:09,85.8,55.84,25.0,0.346,Normal
2025-06-27 13:13:10,84.32,55.02,24.9,0.333,Normal
2025-06-27 13:13:11,86.15,55.07,25.4,0.361,Normal
2025-06-27 13:13:11,80.87,55.19,25.3,0.351,Normal
2025-06-27 13:13:12,84.66,56.12,24.2,0.309,Normal
2025-06-27 13:13:13,88.29,56.15,25.5,0.355,Normal
2025-06-27 13:13:14,86.1,56.47,24.6,0.337,Normal
2025-06-27 13:13:14,82.26,57.16,25.2,0.35,Normal
2025-06-27 13:13:15,86.3,56.11,24.6,0.358,Normal
2025-06-27 13:13:16,86.29,53.24,24.3,0.314,Normal
2025-06-27 13:13:17,84.48,53.77,25.7,0.334,Normal
2025-06-27 13:13:17,84.03,54.19,24.9,0.332,Normal
2025-06-27 13:13:18,86.11,53.99,24.9,0.377,Normal
2025-06-27 13:13:19,84.61,53.25,24.2,0.303,Normal
2025-06-27 13:13:20,86.18,53.78,24.4,0.36,Normal
2025-06-27 13:13:20,85.72,55.1,24.8,0.335,Normal
2025-06-27 13:13:21,82.62,54.95,25.4,0.358,Normal
2025-06-27 13:13:22,87.33,54.93,25.6,0.323,Normal
2025-06-27 13:13:23,87.17,55.17,25.8,0.335,Normal
2025-06-27 13:13:23,87.69,56.0,24.4,0.346,Normal
2025-06-27 13:13:24,84.9,53.52,24.6,0.328,Normal
2025-06-27 13:13:25,87.31,55.35,25.1,0.398,Normal
2025-06-27 13:13:26,86.83,54.14,24.7,0.346,Normal
2025-06-27 13:13:26,84.63,55.59,24.9,0.372,Normal
2025-06-27 13:13:28,87.95,54.05,24.4,0.347,Normal
2025-06-27 13:13:28,82.63,56.3,26.0,0.382,Normal
2025-06-27 13:13:29,84.52,55.46,24.8,0.348,Normal
2025-06-27 13:13:30,88.77,54.59,25.6,0.316,Normal
2025-06-27 13:13:31,84.0,53.63,26.2,0.366,Normal
2025-06-27 13:13:31,82.6,55.63,25.5,0.338,Normal
2025-06-27 13:13:32,84.8,53.53,25.3,0.327,Normal
2025-06-27 13:13:33,83.4,56.18,25.1,0.371,Normal
2025-06-27 13:13:34,84.27,54.79,24.6,0.346,Normal
2025-06-27 13:13:34,83.08,55.46,25.2,0.339,Normal
2025-06-27 13:13:35,84.58,55.04,25.6,0.353,Normal
2025-06-27 13:13:36,83.6,53.48,25.0,0.33,Normal
2025-06-27 13:13:37,82.2,55.35,25.7,0.318,Normal
2025-06-27 13:13:37,84.08,53.51,25.4,0.332,Normal
2025-06-27 13:13:39,84.13,56.59,24.9,0.309,Normal
2025-06-27 13:13:39,85.96,54.75,25.6,0.342,Normal
2025-06-27 13:13:40,80.99,56.16,25.5,0.367,Normal
2025-06-27 13:13:40,83.61,58.68,24.5,0.358,Normal
2025-06-27 13:13:42,85.43,54.07,25.4,0.351,Normal
2025-06-27 13:13:42,88.6,55.28,25.3,0.331,Normal
2025-06-27 13:13:43,84.89,55.87,24.5,0.355,Normal
2025-06-27 13:13:44,86.28,55.67,24.9,0.354,Normal
2025-06-27 13:13:45,81.0,55.6,25.6,0.356,Normal
2025-06-27 13:13:45,84.54,56.09,25.1,0.333,Normal
2025-06-27 13:13:46,83.97,53.12,24.7,0.363,Normal
2025-06-27 13:13:47,86.47,54.85,25.1,0.332,Normal
2025-06-27 13:13:48,85.73,57.92,25.5,0.35,Normal
2025-06-27 13:13:48,86.79,57.62,25.7,0.347,Normal
2025-06-27 13:13:49,89.23,55.41,25.6,0.35,Normal
2025-06-27 13:13:50,83.23,54.25,24.5,0.33,Normal
2025-06-27 13:13:51,82.25,52.8,24.4,0.325,Normal
2025-06-27 13:13:51,88.07,54.84,24.1,0.366,Normal
2025-06-27 13:13:52,84.02,58.05,25.5,0.332,Normal
2025-06-27 13:13:53,85.61,55.3,25.0,0.363,Normal
2025-06-27 13:13:54,85.98,53.48,23.5,0.319,Normal
2025-06-27 13:13:54,89.52,53.15,25.6,0.366,Normal
2025-06-27 13:13:55,84.24,55.06,24.2,0.378,Normal
2025-06-27 13:13:56,85.83,55.21,25.6,0.354,Normal
2025-06-27 13:13:57,83.91,55.09,25.4,0.358,Normal
2025-06-27 13:13:57,86.48,54.39,25.3,0.321,Normal
2025-06-27 13:13:59,86.92,53.42,24.1,0.325,Normal
2025-06-27 13:13:59,86.14,52.69,25.9,0.339,Normal
2025-06-27 13:14:00,87.76,57.44,25.6,0.373,Normal
2025-06-27 13:14:01,84.35,55.96,24.8,0.364,Normal
2025-06-27 13:14:01,84.84,56.48,24.2,0.365,Normal
2025-06-27 13:14:02,85.01,56.23,25.1,0.361,Normal
2025-06-27 13:14:03,84.8,55.19,25.2,0.355,Normal
2025-06-27 13:14:03,85.44,59.11,25.3,0.369,Normal
2025-06-27 13:14:05,88.39,55.5,25.0,0.312,Normal
2025-06-27 13:14:05,84.98,53.59,25.1,0.348,Normal
2025-06-27 13:14:06,87.08,57.33,24.4,0.366,Normal
2025-06-27 13:14:06,82.52,54.34,24.8,0.354,Normal
2025-06-27 13:14:08,85.43,55.47,25.0,0.328,Normal
2025-06-27 13:14:08,86.29,52.98,25.4,0.359,Normal
2025-06-27 13:14:09,84.24,55.56,25.5,0.373,Normal
2025-06-27 13:14:10,85.8,56.04,25.1,0.347,Normal
2025-06-27 13:14:11,86.34,56.5,24.7,0.359,Normal
2025-06-27 13:14:12,87.1,55.69,25.6,0.376,Normal
2025-06-27 13:14:13,86.72,54.81,25.2,0.356,Normal
2025-06-27 13:14:13,87.07,53.67,25.2,0.388,Normal
2025-06-27 13:14:15,88.63,50.79,25.3,0.336,Normal
2025-06-27 13:14:15,84.06,55.3,25.2,0.334,Normal
2025-06-27 13:14:16,86.22,56.52,25.0,0.361,Normal
2025-06-27 13:14:17,82.73,54.28,23.9,0.34,Normal
2025-06-27 13:14:18,82.42,55.15,24.9,0.337,Normal
2025-06-27 13:14:18,85.79,54.92,24.9,0.348,Normal
2025-06-27 13:14:19,88.04,54.56,25.3,0.348,Normal
2025-06-27 13:14:20,85.02,54.19,24.6,0.356,Normal
2025-06-27 13:14:21,84.5,57.25,24.5,0.349,Normal
2025-06-27 13:14:21,83.89,55.17,24.8,0.354,Normal
2025-06-27 13:14:22,83.1,54.59,24.9,0.346,Normal
